symbol,strategy,trades,wins,win_rate_%,total_pnl_$,avg_pnl_$
TSLA,S01,55,28,50.9,12125.69,220.47
QCOM,S01,55,28,50.9,12125.69,220.47
MSFT,S01,55,28,50.9,12125.69,220.47
ORCL,S01,55,28,50.9,12125.69,220.47
ADBE,S01,55,28,50.9,12125.69,220.47
CSCO,S01,55,28,50.9,12125.69,220.47
INTU,S01,55,28,50.9,12125.69,220.47
META,S01,55,28,50.9,12125.69,220.47
AAPL,S01,55,28,50.9,12125.69,220.47
AMZN,S01,55,28,50.9,12125.69,220.47
GOOGL,S01,55,28,50.9,12125.69,220.47
AVGO,S01,55,28,50.9,12125.69,220.47
NVDA,S01,55,28,50.9,12125.69,220.47
TSM,S01,55,28,50.9,12125.69,220.47
TSLA,S02,55,28,50.9,24028.16,436.88
QCOM,S02,55,28,50.9,24028.16,436.88
MSFT,S02,55,28,50.9,24028.16,436.88
ORCL,S02,55,28,50.9,24028.16,436.88
ADBE,S02,55,28,50.9,24028.16,436.88
CSCO,S02,55,28,50.9,24028.16,436.88
INTU,S02,55,28,50.9,24028.16,436.88
META,S02,55,28,50.9,24028.16,436.88
AAPL,S02,55,28,50.9,24028.16,436.88
AMZN,S02,55,28,50.9,24028.16,436.88
GOOGL,S02,55,28,50.9,24028.16,436.88
AVGO,S02,55,28,50.9,24028.16,436.88
NVDA,S02,55,28,50.9,24028.16,436.88
TSM,S02,55,28,50.9,24028.16,436.88
TSLA,S03,49,25,51.0,2966.53,60.54
QCOM,S03,49,25,51.0,2966.53,60.54
MSFT,S03,49,25,51.0,2966.53,60.54
ORCL,S03,49,25,51.0,2966.53,60.54
ADBE,S03,49,25,51.0,2966.53,60.54
CSCO,S03,49,25,51.0,2966.53,60.54
INTU,S03,49,25,51.0,2966.53,60.54
META,S03,49,25,51.0,2966.53,60.54
AAPL,S03,49,25,51.0,2966.53,60.54
AMZN,S03,49,25,51.0,2966.53,60.54
GOOGL,S03,49,25,51.0,2966.53,60.54
AVGO,S03,49,25,51.0,2966.53,60.54
NVDA,S03,49,25,51.0,2966.53,60.54
TSM,S03,49,25,51.0,2966.53,60.54
TSLA,S04,49,25,51.0,213.41,4.36
QCOM,S04,49,25,51.0,213.41,4.36
MSFT,S04,49,25,51.0,213.41,4.36
ORCL,S04,49,25,51.0,213.41,4.36
ADBE,S04,49,25,51.0,213.41,4.36
CSCO,S04,49,25,51.0,213.41,4.36
INTU,S04,49,25,51.0,213.41,4.36
META,S04,49,25,51.0,213.41,4.36
AAPL,S04,49,25,51.0,213.41,4.36
AMZN,S04,49,25,51.0,213.41,4.36
GOOGL,S04,49,25,51.0,213.41,4.36
AVGO,S04,49,25,51.0,213.41,4.36
NVDA,S04,49,25,51.0,213.41,4.36
TSM,S04,49,25,51.0,213.41,4.36
TSLA,S05,55,28,50.9,8569.02,155.8
QCOM,S05,55,28,50.9,8569.02,155.8
MSFT,S05,55,28,50.9,8569.02,155.8
ORCL,S05,55,28,50.9,8569.02,155.8
ADBE,S05,55,28,50.9,8569.02,155.8
CSCO,S05,55,28,50.9,8569.02,155.8
INTU,S05,55,28,50.9,8569.02,155.8
META,S05,55,28,50.9,8569.02,155.8
AAPL,S05,55,28,50.9,8569.02,155.8
AMZN,S05,55,28,50.9,8569.02,155.8
GOOGL,S05,55,28,50.9,8569.02,155.8
AVGO,S05,55,28,50.9,8569.02,155.8
NVDA,S05,55,28,50.9,8569.02,155.8
TSM,S05,55,28,50.9,8569.02,155.8
TSLA,S06,49,25,51.0,4305.78,87.87
QCOM,S06,49,25,51.0,4305.78,87.87
MSFT,S06,49,25,51.0,4305.78,87.87
ORCL,S06,49,25,51.0,4305.78,87.87
ADBE,S06,49,25,51.0,4305.78,87.87
CSCO,S06,49,25,51.0,4305.78,87.87
INTU,S06,49,25,51.0,4305.78,87.87
META,S06,49,25,51.0,4305.78,87.87
AAPL,S06,49,25,51.0,4305.78,87.87
AMZN,S06,49,25,51.0,4305.78,87.87
GOOGL,S06,49,25,51.0,4305.78,87.87
AVGO,S06,49,25,51.0,4305.78,87.87
NVDA,S06,49,25,51.0,4305.78,87.87
TSM,S06,49,25,51.0,4305.78,87.87
TSLA,S07,49,25,51.0,436.26,8.9
QCOM,S07,49,25,51.0,436.26,8.9
MSFT,S07,49,25,51.0,436.26,8.9
ORCL,S07,49,25,51.0,436.26,8.9
ADBE,S07,49,25,51.0,436.26,8.9
CSCO,S07,49,25,51.0,436.26,8.9
INTU,S07,49,25,51.0,436.26,8.9
META,S07,49,25,51.0,436.26,8.9
AAPL,S07,49,25,51.0,436.26,8.9
AMZN,S07,49,25,51.0,436.26,8.9
GOOGL,S07,49,25,51.0,436.26,8.9
AVGO,S07,49,25,51.0,436.26,8.9
NVDA,S07,49,25,51.0,436.26,8.9
TSM,S07,49,25,51.0,436.26,8.9
TSLA,S08,35,18,51.4,8944.01,255.54
QCOM,S08,35,18,51.4,8944.01,255.54
MSFT,S08,35,18,51.4,8944.01,255.54
ORCL,S08,35,18,51.4,8944.01,255.54
ADBE,S08,35,18,51.4,8944.01,255.54
CSCO,S08,35,18,51.4,8944.01,255.54
INTU,S08,35,18,51.4,8944.01,255.54
META,S08,35,18,51.4,8944.01,255.54
AAPL,S08,35,18,51.4,8944.01,255.54
AMZN,S08,35,18,51.4,8944.01,255.54
GOOGL,S08,35,18,51.4,8944.01,255.54
AVGO,S08,35,18,51.4,8944.01,255.54
NVDA,S08,35,18,51.4,8944.01,255.54
TSM,S08,35,18,51.4,8944.01,255.54
TSLA,S09,55,28,50.9,11242.2,204.4
QCOM,S09,55,28,50.9,11242.2,204.4
MSFT,S09,55,28,50.9,11242.2,204.4
ORCL,S09,55,28,50.9,11242.2,204.4
ADBE,S09,55,28,50.9,11242.2,204.4
CSCO,S09,55,28,50.9,11242.2,204.4
INTU,S09,55,28,50.9,11242.2,204.4
META,S09,55,28,50.9,11242.2,204.4
AAPL,S09,55,28,50.9,11242.2,204.4
AMZN,S09,55,28,50.9,11242.2,204.4
GOOGL,S09,55,28,50.9,11242.2,204.4
AVGO,S09,55,28,50.9,11242.2,204.4
NVDA,S09,55,28,50.9,11242.2,204.4
TSM,S09,55,28,50.9,11242.2,204.4
TSLA,S10,49,25,51.0,3677.52,75.05
QCOM,S10,49,25,51.0,3677.52,75.05
MSFT,S10,49,25,51.0,3677.52,75.05
ORCL,S10,49,25,51.0,3677.52,75.05
ADBE,S10,49,25,51.0,3677.52,75.05
CSCO,S10,49,25,51.0,3677.52,75.05
INTU,S10,49,25,51.0,3677.52,75.05
META,S10,49,25,51.0,3677.52,75.05
AAPL,S10,49,25,51.0,3677.52,75.05
AMZN,S10,49,25,51.0,3677.52,75.05
GOOGL,S10,49,25,51.0,3677.52,75.05
AVGO,S10,49,25,51.0,3677.52,75.05
NVDA,S10,49,25,51.0,3677.52,75.05
TSM,S10,49,25,51.0,3677.52,75.05
TSLA,S11,35,18,51.4,7483.2,213.81
QCOM,S11,35,18,51.4,7483.2,213.81
MSFT,S11,35,18,51.4,7483.2,213.81
ORCL,S11,35,18,51.4,7483.2,213.81
ADBE,S11,35,18,51.4,7483.2,213.81
CSCO,S11,35,18,51.4,7483.2,213.81
INTU,S11,35,18,51.4,7483.2,213.81
META,S11,35,18,51.4,7483.2,213.81
AAPL,S11,35,18,51.4,7483.2,213.81
AMZN,S11,35,18,51.4,7483.2,213.81
GOOGL,S11,35,18,51.4,7483.2,213.81
AVGO,S11,35,18,51.4,7483.2,213.81
NVDA,S11,35,18,51.4,7483.2,213.81
TSM,S11,35,18,51.4,7483.2,213.81
TSLA,S12,35,18,51.4,4730.08,135.15
QCOM,S12,35,18,51.4,4730.08,135.15
MSFT,S12,35,18,51.4,4730.08,135.15
ORCL,S12,35,18,51.4,4730.08,135.15
ADBE,S12,35,18,51.4,4730.08,135.15
CSCO,S12,35,18,51.4,4730.08,135.15
INTU,S12,35,18,51.4,4730.08,135.15
META,S12,35,18,51.4,4730.08,135.15
AAPL,S12,35,18,51.4,4730.08,135.15
AMZN,S12,35,18,51.4,4730.08,135.15
GOOGL,S12,35,18,51.4,4730.08,135.15
AVGO,S12,35,18,51.4,4730.08,135.15
NVDA,S12,35,18,51.4,4730.08,135.15
TSM,S12,35,18,51.4,4730.08,135.15
TSLA,S13,55,28,50.9,11589.02,210.71
QCOM,S13,55,28,50.9,11589.02,210.71
MSFT,S13,55,28,50.9,11589.02,210.71
ORCL,S13,55,28,50.9,11589.02,210.71
ADBE,S13,55,28,50.9,11589.02,210.71
CSCO,S13,55,28,50.9,11589.02,210.71
INTU,S13,55,28,50.9,11589.02,210.71
META,S13,55,28,50.9,11589.02,210.71
AAPL,S13,55,28,50.9,11589.02,210.71
AMZN,S13,55,28,50.9,11589.02,210.71
GOOGL,S13,55,28,50.9,11589.02,210.71
AVGO,S13,55,28,50.9,11589.02,210.71
NVDA,S13,55,28,50.9,11589.02,210.71
TSM,S13,55,28,50.9,11589.02,210.71
TSLA,S14,48,25,52.1,2092.04,43.58
QCOM,S14,48,25,52.1,2092.04,43.58
MSFT,S14,48,25,52.1,2092.04,43.58
ORCL,S14,48,25,52.1,2092.04,43.58
ADBE,S14,48,25,52.1,2092.04,43.58
CSCO,S14,48,25,52.1,2092.04,43.58
INTU,S14,48,25,52.1,2092.04,43.58
META,S14,48,25,52.1,2092.04,43.58
AAPL,S14,48,25,52.1,2092.04,43.58
AMZN,S14,48,25,52.1,2092.04,43.58
GOOGL,S14,48,25,52.1,2092.04,43.58
AVGO,S14,48,25,52.1,2092.04,43.58
NVDA,S14,48,25,52.1,2092.04,43.58
TSM,S14,48,25,52.1,2092.04,43.58
TSLA,S15,35,18,51.4,11203.06,320.09
QCOM,S15,35,18,51.4,11203.06,320.09
MSFT,S15,35,18,51.4,11203.06,320.09
ORCL,S15,35,18,51.4,11203.06,320.09
ADBE,S15,35,18,51.4,11203.06,320.09
CSCO,S15,35,18,51.4,11203.06,320.09
INTU,S15,35,18,51.4,11203.06,320.09
META,S15,35,18,51.4,11203.06,320.09
AAPL,S15,35,18,51.4,11203.06,320.09
AMZN,S15,35,18,51.4,11203.06,320.09
GOOGL,S15,35,18,51.4,11203.06,320.09
AVGO,S15,35,18,51.4,11203.06,320.09
NVDA,S15,35,18,51.4,11203.06,320.09
TSM,S15,35,18,51.4,11203.06,320.09
TSLA,S16,52,27,51.9,-8161.61,-156.95
QCOM,S16,52,27,51.9,-8161.61,-156.95
MSFT,S16,52,27,51.9,-8161.61,-156.95
ORCL,S16,52,27,51.9,-8161.61,-156.95
ADBE,S16,52,27,51.9,-8161.61,-156.95
CSCO,S16,52,27,51.9,-8161.61,-156.95
INTU,S16,52,27,51.9,-8161.61,-156.95
META,S16,52,27,51.9,-8161.61,-156.95
AAPL,S16,52,27,51.9,-8161.61,-156.95
AMZN,S16,52,27,51.9,-8161.61,-156.95
GOOGL,S16,52,27,51.9,-8161.61,-156.95
AVGO,S16,52,27,51.9,-8161.61,-156.95
NVDA,S16,52,27,51.9,-8161.61,-156.95
TSM,S16,52,27,51.9,-8161.61,-156.95
TSLA,S17,52,27,51.9,7549.75,145.19
QCOM,S17,52,27,51.9,7549.75,145.19
MSFT,S17,52,27,51.9,7549.75,145.19
ORCL,S17,52,27,51.9,7549.75,145.19
ADBE,S17,52,27,51.9,7549.75,145.19
CSCO,S17,52,27,51.9,7549.75,145.19
INTU,S17,52,27,51.9,7549.75,145.19
META,S17,52,27,51.9,7549.75,145.19
AAPL,S17,52,27,51.9,7549.75,145.19
AMZN,S17,52,27,51.9,7549.75,145.19
GOOGL,S17,52,27,51.9,7549.75,145.19
AVGO,S17,52,27,51.9,7549.75,145.19
NVDA,S17,52,27,51.9,7549.75,145.19
TSM,S17,52,27,51.9,7549.75,145.19
TSLA,S18,55,28,50.9,17732.11,322.4
QCOM,S18,55,28,50.9,17732.11,322.4
MSFT,S18,55,28,50.9,17732.11,322.4
ORCL,S18,55,28,50.9,17732.11,322.4
ADBE,S18,55,28,50.9,17732.11,322.4
CSCO,S18,55,28,50.9,17732.11,322.4
INTU,S18,55,28,50.9,17732.11,322.4
META,S18,55,28,50.9,17732.11,322.4
AAPL,S18,55,28,50.9,17732.11,322.4
AMZN,S18,55,28,50.9,17732.11,322.4
GOOGL,S18,55,28,50.9,17732.11,322.4
AVGO,S18,55,28,50.9,17732.11,322.4
NVDA,S18,55,28,50.9,17732.11,322.4
TSM,S18,55,28,50.9,17732.11,322.4
TSLA,S19,48,25,52.1,2736.48,57.01
QCOM,S19,48,25,52.1,2736.48,57.01
MSFT,S19,48,25,52.1,2736.48,57.01
ORCL,S19,48,25,52.1,2736.48,57.01
ADBE,S19,48,25,52.1,2736.48,57.01
CSCO,S19,48,25,52.1,2736.48,57.01
INTU,S19,48,25,52.1,2736.48,57.01
META,S19,48,25,52.1,2736.48,57.01
AAPL,S19,48,25,52.1,2736.48,57.01
AMZN,S19,48,25,52.1,2736.48,57.01
GOOGL,S19,48,25,52.1,2736.48,57.01
AVGO,S19,48,25,52.1,2736.48,57.01
NVDA,S19,48,25,52.1,2736.48,57.01
TSM,S19,48,25,52.1,2736.48,57.01
TSLA,S20,35,18,51.4,6847.31,195.64
QCOM,S20,35,18,51.4,6847.31,195.64
MSFT,S20,35,18,51.4,6847.31,195.64
ORCL,S20,35,18,51.4,6847.31,195.64
ADBE,S20,35,18,51.4,6847.31,195.64
CSCO,S20,35,18,51.4,6847.31,195.64
INTU,S20,35,18,51.4,6847.31,195.64
META,S20,35,18,51.4,6847.31,195.64
AAPL,S20,35,18,51.4,6847.31,195.64
AMZN,S20,35,18,51.4,6847.31,195.64
GOOGL,S20,35,18,51.4,6847.31,195.64
AVGO,S20,35,18,51.4,6847.31,195.64
NVDA,S20,35,18,51.4,6847.31,195.64
TSM,S20,35,18,51.4,6847.31,195.64
